"id","entity","type","issue","sourceurl","startdate","enddate","ongoing","contentwarning"
"6","10","12","Pizza Hut was found guilty of paying delivery drivers below minimum wage.","https://www.fairwagelawyers.com/","2014-07-01 00:00:00",NULL,NULL,NULL
"7","11","8","Wendy's refuses to join the Fair Food Program, which would protect farmworkers from ""extreme poverty, sexual assault and modern-day slavery.""","https://www.boycott-wendys.org/","2005-01-01 00:00:00",NULL,"1",NULL
"8","12","4","Arrowhead did not have the rights to take around three quarters of the water they bottled from San Bernardino National Forest.","https://web.archive.org/web/20171222190208/https://www.washingtonpost.com/national/energy-environment/nestle-warned-it-lacks-rights-to-california-spring-water/2017/12/21/df31f7be-e6b3-11e7-927a-e72eac1e73b6_story.html","2017-12-21 00:00:00",NULL,"0",NULL
"9","13","5","Various Nescafé coffee makers such as the Dolce Gusto and VertuoLine use proprietary coffee capsules, limiting customers from using different brands of coffee.","https://www.cnet.com/pictures/brew-free-or-die-pictures/3/","2015-05-09 00:00:00",NULL,"1",NULL
"10","14","6","Traces of horse meat were found in Buitoni pastas in Italy and Spain.","https://www.reuters.com/article/us-nestle-horsemeat/nestle-withdraws-pasta-meals-as-horsemeat-scandal-spreads-idUSBRE91H0RB20130219","2013-02-18 00:00:00",NULL,"0",NULL
"16","11","8","The Coalition of Immokalee Workers has called for a boycott of Wendy's due to their refusal to join the Fair Food Program.","https://www.boycott-wendys.org/","2005-01-01 00:00:00",NULL,"1",NULL
"17","29","9","The mascot is literally a racist stereotype.","https://www.nbcnews.com/news/us-news/aunt-jemima-brand-will-change-name-remove-image-quaker-says-n1231260","1889-11-01 00:00:00",NULL,"1",NULL
"18","62","9","Many former employees have spoken out about a racist and sexist work culture.","https://www.polygon.com/2020/6/23/21300435/cards-against-humanity-max-temkin-report","2020-06-09 00:00:00",NULL,"0",NULL
"19","62","10","Several sexual assault allegations have been made against co-founder Max Temkin, who stepped down from the company in June 2020.","https://www.polygon.com/2020/6/23/21300435/cards-against-humanity-max-temkin-report","2020-06-09 00:00:00",NULL,"0",NULL
"20","62","10","A former employee spoke out about other writers' desire to include the n-word in the game and how he was fired for it. Coworkers also worked with his family to have him forcibly kept in a mental ward.","https://medium.com/@nicolas.j.carter/how-to-know-youre-not-insane-and-how-a-cards-against-humanity-staff-writer-was-fired-40fe07fbbfe4","2020-06-25 00:00:00",NULL,"0",NULL
"21","115","9","The dress code at Recipe Unlimited-owned Bier Markt restaurants was changed to require women to wear tight mini-dresses and heels or boots. After criticism, they returned to allowing gender-neutral uniforms again.  ","https://www.cbc.ca/news/health/cara-backtracks-on-skimpy-uniform-1.3294640","2015-10-05 00:00:00",NULL,"0",NULL
"22","117","6","An E. coli outbreak in one location infected over 200 people.","https://www.cbc.ca/news/e-coli-outbreak-in-north-bay-linked-to-harvey-s-restaurant-1.698586","2008-10-16 00:00:00",NULL,"0",NULL
"23","123","12","Dozens of locations were abruptly shut down as the company filed for bankruptcy, without giving workers advance notice. The next day, they filed for bankruptcy protection.","https://www.wcvb.com/article/several-new-england-papa-ginos-locations-abruptly-shut-down/24632102","2018-11-05 00:00:00",NULL,"0",NULL
"24","132","5","Red Lobster was found to have used imitation lobster meat in some of their dishes; a finding they have disputed. ","https://www.delish.com/food-news/a45936/cheap-fish-lobster-subsitute/","2016-02-10 00:00:00",NULL,"0",NULL
"25","134","5","A class-action lawsuit was filed against Naked Juice for misleading claims about their products' nutritional benefits and ingredients. They settled for 9 million $USD.","https://www.beveragedaily.com/Article/2013/07/17/PepsiCo-brand-Naked-Juice-cuts-all-natural-claim-after-9m-US-payout","2013-07-02 00:00:00",NULL,"0",NULL
"26","135","10","At least 5 women have filed lawsuits against Monster for gender discrimination and sexual harassment.","https://www.huffpost.com/entry/monster-energy-lawsuits_n_5a6280c1e4b002283002ca27","2016-01-01 00:00:00",NULL,"1",NULL
"27","135","6","From 2003 to 2012 the FDA received five reports of deaths occurring after drinking Monster Energy.","https://www.nytimes.com/2012/10/23/business/fda-receives-death-reports-citing-monster-energy-a-high-caffeine-drink.html","2003-01-01 00:00:00","2012-12-31 00:00:00","0",NULL
"28","135","6","Several energy drinks - including Monster Energy - are banned in India due to a restriction on drinks that contain both ginseng and caffeine.","https://web.archive.org/web/20180624092911/https://www.telegraphindia.com/1150516/jsp/frontpage/story_20428.jsp","2015-05-01 00:00:00",NULL,"1",NULL
"29","143","8","A boycott was organized against Rockstar due to the CEO and CFO's relationships with Michael Savage, a radio host banned from the UK due to his homophobic views.","https://boston.edgemedianetwork.com/story.php?ch=news&sc=&sc2=features&sc3=&id=92432","2007-10-24 00:00:00","2009-07-12 00:00:00","0",NULL
"30","150","8","Vermonters for Justice in Palestine have called for a boycott of Ben & Jerry's due to their Israeli franchise selling ice cream in occupied West Bank and East Jerusalem. The boycott is supported by over 250 organizations.","https://www.vtjp.org/icecream/","2013-03-26 00:00:00",NULL,"1",NULL
"31","151","9","Dove released an advertisement depicting a black woman becoming white, implying that Dove body lotion could lighten skin. Dove apologized for the ad.","https://www.theguardian.com/world/2017/oct/08/dove-apologises-for-ad-showing-black-woman-turning-into-white-one","2017-10-28 00:00:00",NULL,"0",NULL
"32","152","15","Unilever filed a lawsuit against JUST, Inc for false advertising, claiming that they couldn't call their vegan ""Just Mayo"" product mayonnaise. The suit was dropped less than 2 months later.","https://www.huffpost.com/entry/just-mayo-lawsuit_n_6354824","2014-10-31 00:00:00",NULL,"0",NULL
"33","170","13","I'm going to kill Baby Nut.","https://news.avclub.com/everyone-hates-the-baby-nut-except-for-other-brands-1841427458","2020-02-02 00:00:00",NULL,"0",NULL
"34","171","10","Founder David Portnoy joked that some people ""deserve to be raped,"" dismissed criticism of this joke, and refused to apologize. ","https://www.huffpost.com/entry/barstool-sports-rape-joke-_n_1293328","2012-03-27 00:00:00",NULL,"0","Sexual Assault"
"35","171","12","Founder David Portnoy threatened to fire Barstool employees if they tried to unionize and would ""smash"" any unionization attempts. He settled with the National Labor Relations Board by deleting the threatening tweets and getting rid of anti-union material.","https://www.cbsnews.com/news/barstool-sports-david-portnoy-settles-with-nlrb-over-anti-union-tweets-today-2020-01-22/","2019-08-13 00:00:00",NULL,"0",NULL
"36","171","13","After being accused of stealing a comedian's video and sharing it on their social media, Barstool fought against the accusation and later deleted thousands of their social media posts to avoid DMCA takedowns for other stolen content.","https://deadspin.com/barstool-sports-quietly-tries-to-un-fuckjerry-itself-d-1833162018","2019-03-07 00:00:00",NULL,"0",NULL
"37","171","9","Founder David Portnoy has a history of making racist comments, many directed at Colin Kaepernick, all of which he refuses to apologize for, and has doubled down and claimed that he is ""uncancellable.""","https://variety.com/2020/digital/news/barstool-sports-dave-portnoy-racist-language-videos-1234693013/","2020-07-02 00:00:00",NULL,"0",NULL
"38","175","9","Actor Anthony Mackie has spoken about Marvel's lack of Black representation behind the scenes, outside of Black Panther.","https://variety.com/2020/tv/features/daveed-diggs-anthony-mackie-black-lives-matter-marvel-hamilton-1234690500/","2020-06-28 00:00:00",NULL,"0",NULL
"39","172","13","Disney has stopped daycare centers from painting trademarked characters like Mickey Mouse on their walls.","https://www.snopes.com/fact-check/daycare-center-murals/","1989-08-08 00:00:00",NULL,"0",NULL
"40","66","12","Whole Foods previously stocked products made by Haystack Mountain, a company that uses prison labor.","https://www.prisonlegalnews.org/news/2018/feb/8/cheese-made-using-prison-labor-cut-whole-foods/","2018-02-08 00:00:00",NULL,"0",NULL
"41","63","6","Amazon withheld information about COVID-19 test results in a Minnesota fulfillment center, leading to many infected workers staying at work. ","https://workdayminnesota.org/leaked-memo-reveals-amazon-misled-the-public-and-workers-about-covid-19-spread-in-minnesota/","2020-06-30 00:00:00",NULL,"0",NULL
"42","198","5","Naspers subsidiary DStv was found guilty of price fixing, and paid over 22 million ZAR in fines.","https://ewn.co.za/2017/05/26/dstv-agrees-to-pay-r22m-in-penalty-fees-after-admits-to-price-fixing","2017-05-26 00:00:00",NULL,"0",NULL
"43","204","9","Several employees and former employees of Riot Games spoke out about the sexism they experienced working there.","https://kotaku.com/inside-the-culture-of-sexism-at-riot-games-1828165483","2018-08-07 00:00:00",NULL,"0",NULL
"44","204","10","Employees have spoken out about sexism, sexual harassment, misgendering, and other abusive comments.","https://www.gamasutra.com/view/news/324333/Devs_corroborate_claims_of_sexist_culture_as_Riot_looks_for_way_forward.php","2018-08-13 00:00:00",NULL,"0",NULL
"45","204","10","COO of Riot Games, Scott Gelb, was placed on unpaid leave for two months after it was alleged that he sexually harassed multiple employees.","https://kotaku.com/top-riot-executive-suspended-without-pay-following-inve-1831084598","2018-12-13 00:00:00",NULL,"0",NULL
"46","204","10","A lawsuit against Riot Games regarding their gender discrimination and sexual harassment was settled for at least 10 million $USD.","https://www.ign.com/articles/2019/08/23/riot-games-settles-class-action-lawsuit-over-gender-discrimination","2019-08-23 00:00:00",NULL,"0",NULL
"47","204","12","Riot Games tried to prevent employees from taking legal action against them - stating that they needed to go through third-party arbitration instead.","https://kotaku.com/riot-files-motions-to-block-former-employees-from-takin-1834335897","2019-04-26 00:00:00",NULL,"0",NULL
"48","204","18","Global head of consumer relations Ron Johnson was placed on administrative leave and later resigned after he shared a social media post stating that George Floyd had been murdered by police ""because of his criminal lifestyle.""","https://www.pcgamer.com/riot-games-executive-under-internal-investigation-for-george-floyd-comments/","2020-06-10 00:00:00",NULL,"0","Death"
"49","95","13","Amazon Publishing has been criticized for their incompetence as a publisher; ""nearly all"" of their books have sold poorly.","https://www.newyorker.com/magazine/2014/02/17/cheap-words","2014-02-17 00:00:00",NULL,"0",NULL
"50","63","4","Amazon emitted 44.4 million metric tons of carbon dioxide in 2018.","https://www.nytimes.com/2020/02/17/technology/jeff-bezos-climate-change-earth-fund.html","2018-12-01 00:00:00",NULL,"0",NULL
"51","63","7","Amazon has donated to the re-election campaign of US Senator Jim Inhofe, an outspoken climate change denier.","https://popular.info/p/these-corporations-are-quietly-bankrolling","2020-02-03 00:00:00",NULL,"0",NULL
"52","66","12","Amazon tracks and monitors Whole Foods stores they consider at risk of unionizing.","https://www.businessinsider.com.au/whole-foods-tracks-unionization-risk-with-heat-map-2020-1","2020-04-21 00:00:00",NULL,"0",NULL
"53","63","12","Amazon fired an employee who organized a protest against their lack of COVID-19 protections.","https://www.theregister.com/2020/04/02/amazon_coronavirus_firing/","2020-04-02 00:00:00",NULL,"0",NULL
"54","63","12","Workers in at least one warehouse had to work in 38ºC (100ºF) heat and suffered from dehydration. Amazon's initial response to this was to have an ambulance wait outside the warehouse to carry away sick employees.","https://web.archive.org/web/20190312013408/https://www.mcall.com/news/local/amazon/mc-allentown-amazon-complaints-20110917-story.html","2015-08-17 00:00:00",NULL,"0",NULL
"55","63","12","In response to criticisms that workers were not paid livable wages, Amazon's minimum wage in the US and UK was raised to 15 $USD, at the expense of losing their bonuses and stock awards.","https://www.bloomberg.com/news/articles/2018-10-03/amazon-eliminating-bonuses-stock-awards-to-help-pay-for-raises","2018-10-03 00:00:00",NULL,"0",NULL
"56","63","6","Amazon employees were told to work overtime during the COVID-19 outbreak as governments were instructing companies to limit social contact.","https://www.bbc.com/news/business-51921916","2020-03-17 00:00:00",NULL,"0",NULL
"57","63","13","Amazon has secured several contracts with the CIA, posing a potential conflict-of-interest with Jeff Bezos' newspaper The Washington Post and their coverage of the CIA.","https://www.huffpost.com/entry/the-cia-amazon-bezos-and_b_4559317","2014-01-08 00:00:00","2018-08-13 00:00:00","0",NULL
"58","63","13","Amazon threatened the city council of Seattle in response to a tax proposal that would have lightly taxed Amazon in order to address homelessness in the city.","https://www.seattletimes.com/seattle-news/politics/business-backed-opponents-of-seattle-head-tax-outspent-supporters-2-to-1/","2018-07-13 00:00:00",NULL,"0",NULL
"59","210","9","Former editor-in-chief Adam Rapoport resigned after a photo of him in brownface resurfaced on social media.","https://nypost.com/2020/06/08/bon-appetit-editor-in-chief-called-to-resign-over-brownface-photo/","2020-06-08 00:00:00",NULL,"0",NULL
"60","210","9","Only white editors are paid to appear in videos on Bon Appétit's YouTube channel and white editors are paid more than people of color with more experience.","https://nypost.com/2020/06/08/bon-appetit-editor-in-chief-called-to-resign-over-brownface-photo/","2020-06-08 00:00:00",NULL,"1",NULL
"61","210","12","A video editor was suspended pending an investigation for his criticism of the company about their discriminatory practices.","https://www.businessinsider.com.au/conde-nast-suspends-bon-appetit-video-editor-2020-6","2020-06-26 00:00:00",NULL,"0",NULL
"62","63","14","Amazon sells facial recognition and surveillance technology to law enforcement.","https://www.aclu.org/blog/privacy-technology/surveillance-technologies/amazon-teams-government-deploy-dangerous-new","2018-05-22 00:00:00","2020-06-10 00:00:00","0",NULL
"63","63","15","Amazon is facing antitrust charges from the European Union due to their treatment of third-party sellers.","https://www.wsj.com/articles/amazon-to-face-antitrust-charges-from-eu-over-treatment-of-third-party-sellers-11591871818","2020-06-11 00:00:00",NULL,"1",NULL
"64","63","15","Amazon started warning users that a third-party plugin that automatically applies coupons is a security risk after it was purchased by PayPal.","https://www.theverge.com/2020/1/9/21059083/amazon-honey-browser-extension-security-risk-paypal-acquisition-competition","2020-01-09 00:00:00",NULL,"0",NULL
"65","63","15","Amazon partnered with Apple to allow only authorized Apple products to be sold on Amazon, which has been criticized by smaller resellers and prompted an FTC investigation. ","https://www.theverge.com/2019/8/2/20751482/ftc-amazon-apple-iphone-reseller-agreement-antitrust","2019-08-02 00:00:00",NULL,"1",NULL
"66","63","12","Delivery drivers suffer poor working conditions such as lack of overtime pay and time constraints that require them to skip meals and breaks.","https://www.businessinsider.com/amazon-delivery-drivers-reveal-claims-of-disturbing-work-conditions-2018-8","2018-09-11 00:00:00",NULL,"1",NULL
"67","63","13","Several news stations across the US all aired identically worded segments praising Amazon's response to the COVID-19 pandemic without clarifying that they had received their scripts from Amazon's PR department. ","https://www.theguardian.com/technology/2020/may/26/amazon-local-news-segments-pr-coronavirus","2020-05-26 00:00:00",NULL,"0",NULL
"68","225","6","In India, Maggi brand noodles were again found to have lead in them.","https://www.timesnownews.com/mirror-now/in-focus/article/nestle-admits-to-presence-of-lead-in-maggi-supreme-court-makes-scathing-observations/341058","2019-01-04 00:00:00",NULL,"0",NULL
"69","225","6","Maggi brand noodles were briefly banned in India due to high levels of lead and MSG found in them. ","https://timesofindia.indiatimes.com/india/Delhi-govt-bans-sales-of-Maggi-from-its-stores/articleshow/47525207.cms","2015-06-03 00:00:00",NULL,"0",NULL
"70","225","5","A commercial in the UK for Maggi noodles made inaccurate claims about their nutrition and health effects. When criticized for this, Nestlé's defense was that the ad were meant for Bangladesh, not the UK.","https://web.archive.org/web/20100612025352/http://www.independent.co.uk/news/business/news/nestle-criticised-for-child-health-claims-968404.html","2008-10-22 00:00:00",NULL,"0",NULL
"71","227","5","General Mills briefly changed their website's legal terms to include an arbitration clause preventing customers from engaging in class action lawsuits under some circumstances. After backlash, these terms were changed back. ","https://www.theglobeandmail.com/report-on-business/industry-news/the-law-page/general-mills-abandons-controversial-legal-policy-to-strip-consumers-of-rights/article18070962/","2014-04-19 00:00:00",NULL,"0",NULL
"72","228","4","The tapered shape design of Yoplait's yogurt cups has been criticized for accidentally trapping animals heads' and killing wildlife.","https://www.huffingtonpost.ca/entry/yoplait-yogurt-wildlife-danger-skunk-cups_n_5602dde9e4b0fde8b0d0d5cf","2015-09-23 00:00:00",NULL,"1",NULL
"73","64","5","Audible has threatened software developers who produce software that allows circumvention of the Audible DRM. Audible audiobooks are still encoded with DRM.","https://www.lumendatabase.org/notices/3397#","2004-04-20 00:00:00",NULL,"1",NULL
"74","253","13","Poland Spring water is not actually from a spring; it's treated groundwater. Nestlé has been sued for false advertisement for this at least twice.","https://www.wwdmag.com/nestle-sued-falsely-advertising-poland-spring-water","2003-06-19 00:00:00",NULL,"0",NULL
"75","187","7","Comcast spends millions of dollars lobbying for various issues such as net neutrality and telecommunications.","https://www.opensecrets.org/federal-lobbying/clients/summary?cycle=2019&id=D000000461","2019-12-31 00:00:00",NULL,"0",NULL
"76","187","13","The American Customer Satisfaction Index found that Comcast had the worst customer satisfaction rating of any business in the USA.","https://web.archive.org/web/20090312061951/http://www.theacsi.org/index.php?option=com_content&task=view&id=86&Itemid=90","2004-06-03 00:00:00",NULL,"0",NULL
"77","187","13","Comcast was awarded the ""Worst Company in America"" award by the Consumerist twice.","https://consumerist.com/2014/04/08/congratulations-to-comcast-your-2014-worst-company-in-america/","2014-04-08 00:00:00",NULL,"0",NULL
"78","187","5","Comcast makes it incredibly difficult for customers to cancel their cable service.","https://time.com/2985964/comcast-cancel-ryan-block/","2014-07-15 00:00:00",NULL,"0",NULL
"79","187","5","Comcast was found to have violated the Consumer Protection Act almost half a million times by charging thousands of customers for their ""Service Protection Plan"" without their consent.","https://www.atg.wa.gov/news/news-releases/ag-ferguson-judge-finds-comcast-violated-consumer-protection-act-nearly-half","2019-06-06 00:00:00",NULL,"0",NULL
"80","187","14","The Electronic Frontier Foundation gave Comcast one star on their privacy report card.","https://www.eff.org/who-has-your-back-2017#comcast-report","2017-07-10 00:00:00",NULL,"0",NULL
"81","273","8","The National Hispanic Media Coalition and National Latino Media Council have criticized and boycotted Paramount for their poor track record hiring Latinx and Hispanic talent.","https://www.hollywoodreporter.com/news/nhmc-nhla-picket-paramount-pictures-second-time-two-months-1153274","2018-10-17 00:00:00",NULL,"0",NULL
"82","275","10","Former CEO Les Moonves was accused of sexual harassment and intimidation by a dozen women. After these allegations surfaced he was placed under investigation by CBS and stepped down as CEO.","https://www.newyorker.com/news/news-desk/as-leslie-moonves-negotiates-his-exit-from-cbs-women-raise-new-assault-and-harassment-claims","2018-09-09 00:00:00",NULL,"0",NULL
"83","311","13","Simon & Schuster signed a book deal with far-right internet troll Milo Yiannopoulos that received intense criticism. They eventually dropped the deal after an old video resurfaced in which Milo seemingly condoned pedophilic relationships.","https://news.avclub.com/updated-milo-yiannopoulos-loses-book-deal-speaking-gi-1798258031","2016-12-29 00:00:00","2017-02-20 00:00:00","0","Pedophilia"
"84","337","9","Moderators of subforums on Reddit have expressed frustration with the site's rampant racism.","https://www.msn.com/en-us/finance/companies/racism-is-rampant-on-reddit-and-its-editors-are-in-open-revolt/ar-BB15EWna","2020-06-18 00:00:00",NULL,"1",NULL
"85","338","6","Elon Musk defended an author after Amazon refused to publish their book due to COVID-19-related concerns. Pressure from Musk and others on social media led to Amazon publishing the book.","https://www.geekwire.com/2020/elon-musk-tweets-time-break-amazon-defends-author-dispute-covid-19-book/","2020-06-04 00:00:00",NULL,"0",NULL
"86","340","13","Walmart filed a lawsuit against Tesla for ""negligent installation and maintenance"" of solar panels, which caused fires at multiple Walmart stores. The lawsuit was dropped after a settlement was reached.","https://techcrunch.com/2019/11/05/walmart-reaches-settlement-with-tesla-over-solar-panel-fires-drops-lawsuit/","2019-11-05 00:00:00",NULL,"0",NULL
"87","340","10","After an employee leaked information about Tesla wasting large amounts of raw materials, he was fired. Investigators personally hired by Elon Musk hacked the employees phone, spied on him, and lied to the police about how the employee might ""come back and shoot people.""","https://www.theverge.com/2019/3/13/18263757/tesla-elon-musk-employee-hack-spying-whistleblower-gigafactory-martin-tripp-drugs","2019-03-13 00:00:00",NULL,"0",NULL
"88","340","12","A safety official was fired in response to his reporting of unsafe working conditions and refusing to go along with illegal practices.","https://www.revealnews.org/blog/tesla-fired-safety-official-for-reporting-unsafe-conditions-lawsuit-says/","2018-06-11 00:00:00",NULL,"0",NULL
"89","340","12","An employee was fired after reporting that Tesla spied on workers and ignored the rampant drug dealing and theft taking place in one of their factories.","https://www.rgj.com/story/news/2018/08/16/tesla-ex-employee-alleges-theft-spying-drug-dealing-gigafactory-nevada/1011626002/","2018-08-16 00:00:00",NULL,"0",NULL
"90","340","12","An employee was fired after they told the Securities and Exchange Commission that Tesla illegally spied on their employees.","https://www.theverge.com/2019/3/11/18259786/tesla-spying-employees-security-manager-whistleblower-gigafactory-nevada","2019-03-11 00:00:00",NULL,"0",NULL
"91","340","6","Tesla fired an employee who criticized the company's COVID-19 safety measures.","https://www.mercurynews.com/2020/06/18/tesla-worker-who-criticized-coronavirus-safety-measures-receives-termination-notice/","2020-06-18 00:00:00",NULL,"0",NULL
"92","340","6","Tesla has fired several employees for staying home over COVID-19 fears despite CEO Elon Musk saying they could.","https://www.businessinsider.com/tesla-plant-firings-elon-musk-covid-19-staying-home-2020-7","2020-07-01 00:00:00",NULL,"0",NULL
"93","340","4","Tesla was found to be non-compliant with air quality regulations in one of their factories.","https://www.thedrive.com/tech/28338/documents-show-persistent-air-quality-non-compliance-at-tesla-factory","2019-06-03 00:00:00",NULL,"0",NULL
"94","340","13","Some Tesla car batteries catch fire so often that the National Highway Traffic Safety Administration is investigating it.","https://www.caranddriver.com/news/a29666731/nhtsa-investigation-tesla-fire-reports/","2019-11-01 00:00:00",NULL,"0",NULL
"95","340","12","Employees injured on the job in Tesla factories are often sent back to work or denied care, or sent to the emergency room in a ride-share instead of an ambulance.","https://www.revealnews.org/article/inside-teslas-factory-a-medical-clinic-designed-to-ignore-injured-workers/","2018-11-05 00:00:00",NULL,"0",NULL
"96","340","12","Tesla company executives have illegally sabotaged employees trying to form a union.","https://www.vox.com/identities/2019/9/30/20891314/elon-musk-tesla-labor-violation-nlrb","2019-09-30 00:00:00",NULL,"0",NULL
"97","343","13","SolarCity inflated the costs of their projects to qualify for higher tax credits in Oregon and had to pay back 13 million $USD to the state. ","https://www.oregonlive.com/politics/2018/10/oregon_claws_back_13_million_f.html","2018-10-11 00:00:00",NULL,"0",NULL
"98","267","14","Through their ""Hemisphere Project"" - paid for by the US Government - AT&T hands over call detail records to law enforcement without court involvement.","http://www.allgov.com/news/top-stories/forget-the-nsa-att-helps-dea-collect-even-more-phone-call-details-130903?news=851026","2013-09-03 00:00:00",NULL,"1",NULL
"99","267","14","AT&T received a one-star rating on the Electronic Frontier Foundation's privacy report card in 2017.","https://www.eff.org/who-has-your-back-2017#att-report","2017-12-31 00:00:00",NULL,"0",NULL
"100","267","14","AT&T was fined 25 million $USD by the Federal Communications Commission for breaking data privacy laws due to the theft of over 200,000 customers' details. This was the largest fine ever issued by the FCC.","https://www.bbc.com/news/technology-32232604","2015-04-09 00:00:00",NULL,"0",NULL
"101","58","16","A lawsuit has been filed due to fairlife's claims that their cows are treated humanely. Undercover videos found widespread abuse at the farms that source fairlife dairy.","https://legalnewsline.com/stories/541474486-coca-cola-hit-with-class-action-over-treatment-of-cows-at-fair-oaks","2020-06-25 00:00:00",NULL,"1",NULL
"102","42","8","Strauss Group and their products are being boycotted as part of BDS. Strauss has boasted of their support by the IDF, including two brigades notorious for their human rights abuses.","http://bdslist.org/consumer/sabra-dipping-co-llc/","2014-08-31 00:00:00",NULL,"1",NULL
"103","367","12","FameBit has been criticized for their sexism, favoritism, and a generally toxic work environment.","https://www.glassdoor.com/Reviews/FameBit-Reviews-E1319725.htm","2016-09-09 00:00:00",NULL,"0",NULL
"104","374","14","DeepMind was given the personal data of 1.6 million patients from the Royal Free Hospital, who violated the Data Protection Act by providing it.","https://www.theguardian.com/technology/2017/jul/03/google-deepmind-16m-patient-royal-free-deal-data-protection-act","2017-07-03 00:00:00",NULL,"0",NULL
"105","375","10","A former director of X Development left the company after news surfaced that he had propositioned a hardware engineer during a job interview in 2013. At the time, X said that they had investigated and taken ""appropriate action.""","https://www.cnet.com/news/google-exec-accused-of-sexual-harassment-leaves-company/","2018-10-30 00:00:00",NULL,"0",NULL
"106","363","10","Google has protected executives accused of sexual misconduct, including Andy Rubin - the ""father of Android"" - who coerced an employee into sexual acts in 2013.","https://www.nytimes.com/2018/10/25/technology/google-sexual-harassment-andy-rubin.html","2018-10-25 00:00:00",NULL,"0",NULL
"107","386","9","The Refugee and Immigrant Center for Education and Legal Services (RAICES) has refused a donation from Salesforce due to their contract with Customs and Border Patrol.","https://twitter.com/RAICESTEXAS/status/1019975176140701696","2018-07-19 00:00:00",NULL,"0",NULL
"108","386","12","Two employees of Salesforce were fired during a conference - in front of attendees - for giving a previously-approved presentation after missing texts instructing them to cancel them shortly before it began.","https://news.sky.com/story/security-researchers-fired-after-giving-talk-to-hackers-10981960","2017-08-11 00:00:00",NULL,"0",NULL
"109","394","6","Ferrero settled in a class-action lawsuit for 3 million $USD, due to false advertising regarding the health benefits of Nutella.","https://www.huffpost.com/entry/nutella-lawsuit_n_1457183","2012-04-26 00:00:00",NULL,"0",NULL
"110","409","15","Google subsidiary Waymo filed a lawsuit against Uber accusing a former employee of downloading thousands of company files, abruptly resigning, then sharing trade secrets with Uber. The two companies reached a 244 million $USD settlement.","https://arstechnica.com/tech-policy/2018/02/waymo-and-uber-end-trial-with-sudden-244-million-settlement/","2018-02-09 00:00:00",NULL,"0",NULL
"111","409","15","Uber is banned in many countries and criticized in others for being illegal taxicab operations.","https://www.telegraph.co.uk/travel/news/where-is-uber-banned/","2018-06-26 00:00:00",NULL,"1",NULL
"112","409","5","Uber raises prices for transport when demand is high, a policy criticized by both riders and drivers.","https://www.cnet.com/news/detest-ubers-surge-pricing-some-drivers-dont-like-it-either/","2015-08-23 00:00:00",NULL,"1",NULL
"113","409","4","The Union of Concerned Scientists has found that ridesharing services cause more carbon emissions than driving in ones own car.","https://www.ucsusa.org/sites/default/files/2020-05/catalyst-spring-2020.pdf","2020-05-01 00:00:00",NULL,"1",NULL
"114","409","17","A lawsuit has been filed against Uber about their limited wheelchair-accessible options.","https://www.sfchronicle.com/business/article/Uber-does-not-have-enough-wheelchair-accessible-12714533.php","2018-02-27 00:00:00",NULL,"1",NULL
"115","409","12","Uber settled a 20 million $USD lawsuit due to them misleading drivers about their potential earnings.","https://www.reuters.com/article/us-uber-ftc/uber-to-pay-20-million-to-settle-u-s-claims-it-misled-drivers-idUSKBN15334C","2017-01-19 00:00:00",NULL,"0",NULL
"116","409","14","Uber's ""God View"" - which allows employees to track their customers - has been criticized due to staff members using it to track journalists and politicians. ","https://www.buzzfeednews.com/article/johanabhuiyan/uber-is-investigating-its-top-new-york-executive-for-privacy","2014-11-08 00:00:00",NULL,"0",NULL
"117","409","10","Uber settled a lawsuit filed by their workers for harassment and discrimination they experienced while working at Uber.","https://money.cnn.com/2018/08/21/technology/uber-settlement/index.html","2018-08-22 00:00:00",NULL,"0",NULL
"118","409","18","Uber's CEO referred to journalist Jamal Khashoggi's assassination by the Saudi Arabian government as ""a mistake"" that could be forgiven.","https://www.siliconvalley.com/2019/11/11/uber-ceo-in-hot-water-after-calling-saudi-journalists-killing-a-mistake/","2019-11-11 00:00:00",NULL,"0",NULL
"119","410","14","A cyber attack led to the data of up to 14 million users being stolen.","https://www.thenational.ae/business/technology/ride-sharing-platform-careem-says-hit-by-cyber-attack-with-data-of-up-to-14-million-users-stolen-1.723927","2018-04-23 00:00:00",NULL,"0",NULL
"120","409","5","Uber received an F rating from the Better Business Bureau due to their poor responsiveness to consumer complaints.","https://www.forbes.com/sites/ellenhuet/2014/10/14/ubers-f-rating-at-better-business-bureau-isnt-for-surge-pricing-just-for-unresponsiveness/#778fde6cfd17","2014-10-14 00:00:00",NULL,"0",NULL
"121","411","15","Uber Eats is part of a lawsuit alleging that they and several other food delivery services abuse their power by requiring restaurants to charge the same menu prices for dine-in and delivery customers.","https://www.reuters.com/article/us-health-coronavirus-food-delivery-laws-idUSKCN21V2C1","2020-04-13 00:00:00",NULL,"1",NULL
"122","412","18","Chick-fil-A president Dan Cathy believes that the USA is ""inviting God's judgement on our nation"" by legalizing gay marriage.","https://www.ajc.com/business/what-dan-cathy-said/qOsEwVfhXbUCIp1hnEMQ4N/","2012-07-26 00:00:00",NULL,"1",NULL
"123","412","7","The Chick-fil-A Foundation donates hundreds of thousands of US dollars to anti-LGBT organizations.","https://thinkprogress.org/chick-fil-a-still-anti-gay-970f079bf85/","2017-07-06 00:00:00",NULL,"1",NULL
"124","413","12","The National Labor Relations Board found that Wal-Mart had illegally pressured employees not to engage in strikes and punished workers who did.","https://www.latimes.com/business/la-fi-mo-nlrb-walmart-20131119-story.html","2013-11-19 00:00:00",NULL,"0",NULL
"125","419","5","Asda and several other retailers were found guilty of price fixing dairy products, and was fined 18 million £GBP by the Office of Fair Trading.","https://web.archive.org/web/20130819154929/http://oft.gov.uk/news-and-updates/press/2011/89-11","2002-01-01 00:00:00","2003-12-31 00:00:00","0",NULL
"126","419","6","Horse meat was found in some Asda beef products.","https://www.theguardian.com/uk/2013/feb/14/horsemeat-beef-tests","2013-02-15 00:00:00",NULL,"0",NULL
"127","431","4","Target was fined 7.4 million $USD for dumping illegal waste in the garbage.","https://www.alcoda.org/newsroom/2018/dec/target_settlement","2018-12-05 00:00:00",NULL,"0",NULL
"128","448","13","GitHub has a contract with Immigration and Customs Enforcement (ICE) that has been criticized by many employees.","https://www.latimes.com/business/technology/story/2020-06-12/github-ceo-black-lives-matter-employees-demand-end-ice-contract","2019-10-09 00:00:00",NULL,"1",NULL
"129","453","14","Skype participates in the US government's PRISM program, giving the National Security Agency unlimited access to users' chat and call logs.","https://www.theguardian.com/world/2013/jul/11/microsoft-nsa-collaboration-user-data","2011-02-04 00:00:00",NULL,"1",NULL
"130","472","15","Postmates is part of a lawsuit alleging that they and several other food delivery services abuse their power by requiring restaurants to charge the same menu prices for dine-in and delivery customers.","https://www.reuters.com/article/us-health-coronavirus-food-delivery-laws-idUSKCN21V2C1","2020-04-13 00:00:00",NULL,"1",NULL
"131","480","12","Ralphs locked out their workers after the United Food and Commercial Workers union declared a strike on competitor Vons. They later illegally rehired the locked out employees with fake names and social security numbers; they were fined 70 million $USD for this.","https://web.archive.org/web/20120324084503/http://www.signonsandiego.com/uniontrib/20061017/news_1b17ralphs.html","2006-10-17 00:00:00",NULL,"0",NULL
"132","508","19","A DynCorp subcontractor transported weapons to the Nicaraguan Contras in the Iran-Contra affair.","https://web.archive.org/web/20071012004647/http://www.prensarural.org/spip/spip.php?article673","1985-08-20 00:00:00","1987-03-04 00:00:00","0",NULL
"133","508","19","While training police officers in Bosnia, DynCorp employees purchased and trafficked Russian and Romanian girls for use as sex slaves.","https://web.archive.org/web/20071012004647/http://www.prensarural.org/spip/spip.php?article673","1999-01-01 00:00:00","2000-06-30 00:00:00","0","Human Trafficking"
"134","508","19","DynCorp is one of several US mercenary companies operating in Iraq, where several million US dollars of their funding has been lost to fraudulent and corrupt practices, and they have killed people without punishment.","https://web.archive.org/web/20071012004647/http://www.prensarural.org/spip/spip.php?article673","2007-01-01 00:00:00",NULL,"1","Death"
"135","508","19","DynCorp contractors paid for lap dances from a 15 year old boy in Afghanistan. The interior minister, Hanif Atmar, asked a US ambassador to ""quash"" the story. Several DynCorp employees were fired, but none have faced criminal charges. ","https://www.theguardian.com/world/us-embassy-cables-documents/213720","2009-06-24 00:00:00",NULL,"0","Pedophilia"
"136","528","4","Leaked documents revealed that Sony spied on environmental activists - specifically ones trying to hold electronics manufacturers accountable for cleaning up toxic chemicals in their products - so they could counter their movements.","https://www.motherjones.com/environment/2000/09/sonys-pr-war-activists/","2000-09-22 00:00:00",NULL,"0",
"137","541","8","After rape allegations were made against music producer Dr. Luke, artist Kesha tried to have her contract with Sony Music ended early. A court ruled she could not, which led to over 100,000 people called for a boycott of Sony Music.","http://www.nydailynews.com/news/national/kesha-supporters-call-sony-boycott-court-ruling-article-1.2538503","2016-02-20 00:00:00",NULL,"0","Sexual Assault"
"138","413","21","Some of Walmart's suppliers use voluntary prison labor.","https://www.politifact.com/factchecks/2020/jun/22/instagram-posts/instagram-post-shares-misleading-information-about/","2020-06-02 00:00:00",NULL,"1",
"139","227","20","General Mills does not use fully sustainable palm oil.","https://palmoilscorecard.panda.org/check-the-scores/manufacturers/general-mills","2020-07-07 00:00:00",NULL,"1",
"140","66","20","Whole Foods does not use sustainable palm oil.","https://palmoilscorecard.panda.org/check-the-scores/retailers/whole-foods-market","2020-07-07 00:00:00",NULL,"1",
"141","11","20","Wendy's does not use sustainable palm oil.","https://palmoilscorecard.panda.org/check-the-scores/food-service/wendys-international-llc","2020-07-07 00:00:00",NULL,"1",
"142","431","20","Target does not use sustainable palm oil.","https://palmoilscorecard.panda.org/check-the-scores/retailers/target-corporation","2020-07-07 00:00:00",NULL,"1",
"143","473","20","Kroger does not use fully sustainable palm oil.","https://palmoilscorecard.panda.org/check-the-scores/retailers/kroger","2020-07-07 00:00:00",NULL,"1",
"144","165","20","The Kraft Heinz Company does not use fully sustainable palm oil.","https://palmoilscorecard.panda.org/check-the-scores/manufacturers/the-kraft-heinz-foods-company","2020-07-07 00:00:00",NULL,"1",
"145","7","20","Yum! Brands does not use fully sustainable palm oil.","https://palmoilscorecard.panda.org/check-the-scores/food-service/yum-brands-inc","2020-07-07 00:00:00",NULL,"1",
"146","413","20","Walmart does not use fully sustainable palm oil.","https://palmoilscorecard.panda.org/check-the-scores/retailers/walmart-inc","2020-07-07 00:00:00",NULL,"1",
"148","594","9","Clayton Homes has been accused of unfairly targeting and exploiting minority customers.","https://publicintegrity.org/inequality-poverty-opportunity/warren-buffetts-mobile-home-empire-preys-on-the-poor/","2015-04-06 00:00:00",NULL,"0",
"149","624","9","A former employee filed a lawsuit claiming that she was fired for being too short.","https://www.dispatch.com/business/20190815/pilot-says-netjets-fired-her-because-of-her-height","2019-08-15 00:00:00",NULL,"0",
"150","646","8","Many people have called for a boycott of Goya Foods after their CEO praised US President Donald Trump after a roundtable of Hispanic business leaders and politicians.","https://www.npr.org/2020/07/09/889600302/calls-to-boycott-goya-foods-after-ceo-praises-president-trump","2020-07-09 00:00:00",NULL,"1",
"151","648","13","Belvedere's social media briefly posted an advertisement claiming that ""unlike some people, Belvedere always go down smoothly,"" depicting a woman struggling to get away from a man restraining her. Belvedere's president apologized, but then charges were pressed by the woman from the ad, who did not give them permission to use the photo in the ad.","https://www.hollywoodreporter.com/thr-esq/lawsuit-actress-sues-vodka-belvedere-rape-306435","2012-03-23 00:00:00",NULL,"0","References to Sexual Assault"
"152","656","13","Krug Champaign staged a publicity stunt at Burning Man 2011, circumventing the non-commercial event's media approvals.","https://laughingsquid.com/krug-champagne-exploits-burning-man-event-with-staged-photoshoot/","2011-09-05 00:00:00",NULL,"0",
"153","707","9","A then-general manager of L'Oréal demanded a sales manager to fire an associate for not being attractive, and then fired her when she refused.","http://online.ceb.com/CalCases/C4/36C4t1028.htm","2005-08-11 00:00:00",NULL,"0",
"154","707","9","L'Oréal fired a transgender model for speaking out against a white supremacist rally on her Facebook account.","https://www.theguardian.com/global/2017/sep/04/munroe-bergdorf-on-the-loreal-racism-row-it-puzzles-me-that-my-views-are-considered-extreme","2017-09-04 00:00:00",NULL,"0",
"155","707","13","The founder of L'Oréal was a literal Nazi sympathizer.","https://www.forbes.com/2005/03/18/cz_sh_0318oreal_bill05.html","1957-08-23 00:00:00",NULL,"0",
"156","707","5","L'Oreal, along with many other companies, was fined for price-fixing hygiene products.","https://archive.vn/20170209165431/http://www.connexionfrance.com/court-appeal-price-fixing-fine-upheld-consumer-companies-gillette-loreal-procter-gamble-sc-johnson-18567-view-article.html","2016-10-28 00:00:00",NULL,"0",
"157","718","9","Garnier was fined 30,000 €EUR and one of their officers was sentenced to three months in prison for systematic racial discrimination.","http://www.soxfirst.com/50226711/loreal_found_guilty_of_racism.php","2007-02-13 00:00:00",NULL,"0",
"158","718","8","The Palestine Solidarity Campaign has called for a boycott of Garnier due to their sending of care packages to the IDF.","https://www.palestinecampaign.org/boycott-garnier-support-israeli-army/","2014-08-06 00:00:00",NULL,"1",
"159","718","8","The Palestine Solidarity Campaign has called for a boycott of Garnier due to their sending of care packages to the IDF.","https://www.palestinecampaign.org/boycott-garnier-support-israeli-army/","2014-08-06 00:00:00",NULL,"1",
"160","723","14","Estée Lauder Companies supported SOPA, an anti-piracy bill in the United States that was strongly criticized due to its overreach and encroachment into censorship and privacy.","https://gizmodo.com/all-the-companies-supporting-sopa-the-awful-internet-c-5870241","2011-12-21 00:00:00",NULL,"0",
"161","730","13","Aveda did not compensate Robby Romero, an Apache rock musician who developed their ""Indigenous"" product line to raise funds for Native American organizations.","https://www.culturalsurvival.org/publications/cultural-survival-quarterly/indigenous-rock-star-wins-lawsuit-against-aveda","2007-06-01 00:00:00",NULL,"0",
"162","730","13","Aveda did not compensate Robby Romero, an Apache rock musician who developed their ""Indigenous"" product line to raise funds for Native American organizations.","https://www.culturalsurvival.org/publications/cultural-survival-quarterly/indigenous-rock-star-wins-lawsuit-against-aveda","2007-06-01 00:00:00",NULL,"0",
"163","734","18","A co-founder of Too Faced - Jerrod Blandino - had a ""Rich Lives Matter"" cake at a party, mocking the Black Lives Matter movement.","https://www.revelist.com/beauty-news-/too-faceds-founder-rich-lives/14183","2018-12-15 00:00:00",NULL,"0",
"164","734","9","Co-founder Jerrod Blandino's sister was fired from the company after making transphobic comments about a beauty blogger.","https://www.independent.co.uk/life-style/too-faced-cosmetics-sister-nikkietutorials-transphobic-jerrod-blandino-cofounder-a9284981.html","2020-01-15 00:00:00",NULL,"0",
"165","735","6","Huda Beauty posted an article on their website telling people how to ""lighten"" their vaginas, which was criticized for upholding unhealthy beauty standards.","https://www.refinery29.com/en-us/2018/05/198373/huda-beauty-vagina-lightening","2018-05-07 00:00:00",NULL,"0","Genital Mentions"
"166","735","18","Hudu Beauty posted an article that said ""The only thing worse than a breakout is the little scars they leave behind"" while sharing images of a beauty YouTuber with acne scars, which was criticized as being bullying.","https://www.dailyedge.ie/huda-beauty-4161230-Aug2018/","2018-08-02 00:00:00",NULL,"0",
"167","75","18","Twitch released an ad that claimed that the ""G"" in ""LGBTQIA+"" stands for ""Gamer."" The ad was deleted after criticism.","https://www.pinknews.co.uk/2020/07/08/twitch-lgbt-gamer-gaymer-twitter-pride-video-iambrandon-spofie-streaming-platform/","2020-07-08 00:00:00",NULL,"0",
"168","872","12","No Evil Foods has busted a union drive and fired employees who tried to organize.","https://jacobinmag.com/2020/06/no-evil-foods-unionizing-workers-organizing","2020-06-18 00:00:00",NULL,"0",
"169","875","6","A short-lived brand of malt liquor was withdrawn from the market due to criticism it was being marketed towards minors. The Alcohol and Tobacco Tax and Trade Bureau found that the liquor's labels did not comply with regulations.","https://www.cspinet.org/new/200704161.html","2007-04-16 00:00:00",NULL,"0",
"170","875","13","Anheuser-Busch was fined 150,000 $USD for liquor law violations, as they had made illegal exclusivity agreements with concert venues.","http://www.washingtonbeerblog.com/anheuser-busch-gets-fine-for-liquor-law-violations-seattle/","2016-05-17 00:00:00",NULL,"0",
"171","881","6","Tim Horton's did not change their sick leave policy during the COVID-19 pandemic.","https://www.thestar.com/news/canada/2020/03/14/tim-hortons-responds-to-backlash-over-sick-leave-policy-amid-covid-19-outbreak.html","2020-03-14 00:00:00",NULL,"0",
"172","881","4","Tim Horton's is one of the top five plastic polluters in Canada, according to Greenpeace Canada, accounting for ""about 11%"" of branded plastic waste they found.","https://dailyhive.com/vancouver/plastic-polluters-greenpeace-canada-2019","2019-10-10 00:00:00",NULL,"1",
"173","909","12","Many artists on the Victory Records label have stated that they were not paid royalties for their music.","https://vistanow.org/23876/uncategorized/blog-post-victory-records-sucks/","2016-01-22 00:00:00",NULL,"0",
"174","933","18","Bud Light was briefly advertised with the line ""The perfect beer for removing 'no' from your vocabulary,"" which was criticized for reasons you can probably figure out if you're on this website.","https://consumerist.com/2015/04/28/bud-light-we-missed-the-mark-on-bottle-suggesting-that-no-is-a-drink-away-from-yes/","2015-04-28 00:00:00",NULL,"0",
"175","914","15","UMG was fined 12 million $USD after it was found that they were bribing radio stations to play music from their artists.","https://usatoday30.usatoday.com/life/music/news/2006-05-11-payola_x.htm","2006-05-11 00:00:00",NULL,"0",
"176","914","15","UMG used the Digital Millennium Copyright Act to have a home video that featured their music; the video creator sued claiming that the video's use of the music was fair use. After 11 years, the suit was settled.","https://www.hollywoodreporter.com/thr-esq/a-landmark-legal-battle-a-toddler-dancing-prince-song-looks-be-ending-1117660","2007-07-24 00:00:00","2018-06-06 00:00:00","0",
"177","914","15","UMG filed a Digital Millenium Copyright Act takedown video of someone singing the British national anthem, claiming that they owned the rights to the song.","wingsoverscotland.com/they-are-the-people/#more-84381","2016-04-22 00:00:00",NULL,"0",
"178","883","12","McDonald's has been accused of committing wage theft to pay employees less than minimum wage.","https://www.salon.com/control/2014/04/06/how_mcdonalds_gets_away_with_rampant_wage_theft_partner/","2014-04-06 00:00:00",NULL,"0",
"179","883","12","McDonald's has received many health and safety complaints, and criticisms for requiring workers to work quickly without safety gear. In one survey, 33% of workers were told to use condiments like mustard to treat burn wounds.","https://www.theguardian.com/business/2015/mar/16/mcdonalds-workers-treat-burns-condiments-osha-complaints","2015-03-16 00:00:00",NULL,"0",
"180","883","15","McDonald's sued environmental activists for libel after they handed out leaflets criticizing McDonald's. The case was the longest libel case in English history.","http://news.bbc.co.uk/2/hi/uk_news/4266741.stm","1990-12-31 00:00:00","2005-02-15 00:00:00","0",
"181","880","12","Angela Martinez Gómez, a Burger King employee, was still allowed to work while she visibly had COVID-19; she later died from it. Other employees contracted symptoms after working with her. After other employees shared their concerns, management stated that her death was due to her hormone treatments, not COVID-19, which was viewed as an attempt by the company to avoid blame.","https://www.smdp.com/burger-king-employees-protest-after-coworker-dies/194081","2020-07-10 00:00:00",NULL,"0",
"182","951","15","The DFA was fined 12 million $USD for trying to manipulate a milk futures contract. If anyone who knows what the hell that means and can explain that in a way that is more meaningful to people like me, please hit that Feedback button and let me know.","https://web.archive.org/web/20190419071539/https://www.cftc.gov/PressRoom/PressReleases/pr5584-08","2008-12-16 00:00:00",NULL,"0",
"183","1085","4","A Tyson plant polluted rivers in Alabama with E. coli, killing marine life.","https://www.eenews.net/greenwire/stories/1060580555","2019-06-19 00:00:00",NULL,"0",
"184","1085","4","A Tyson plant in Texas violated its Clean Water Act permit 12 times from 2016 to 2017, discharging dangerous amounts of blood, feathers, urine, and feces into rivers and lakes.","https://www.texasobserver.org/in-east-texas-chicken-plants-are-polluting-rivers-and-lakes-with-oxygen-sucking-contaminants/","2018-10-24 00:00:00",NULL,"0",
"185","1085","4","Tyson paid almost 4 million $USD to settle alleged violations of Clean Air Act regulations in several US states.","https://journalstar.com/business/local/tyson-foods-to-pay-4-million-in-fines/article_138124e2-d20f-53a7-a6be-ce5fa60b4543.html","2013-04-05 00:00:00",NULL,"0",
"186","1085","15","Tyson worked with the US Department of Justice for an investigation on poultry industry price-fixing in order to protect themselves from criminal prosecution.","https://www.reuters.com/article/us-usa-tyson-foods-charges-idUSKBN23H3BK","2020-06-10 00:00:00",NULL,"0",
"187","1085","12","Workers at Tyson Foods were denied bathroom breaks so often that they had to wear diapers to work.","https://www.upi.com/Business_News/2016/05/12/Oxfam-report-Tyson-poultry-workers-forced-to-wear-diapers/3521463051696/","2016-05-12 00:00:00",NULL,"0",
"188","1085","12","It was estimated that, on average, at least one Tyson employee has a finger or limb amputated per month.","https://www.buzzfeednews.com/article/coralewis/americas-largest-meat-producer-one-amputation-per-month","2016-02-18 00:00:00",NULL,"0","Bodily Harm"
"189","1085","16","Tyson foods employees abused chickens by throwing and beating them, stabbing their beaks with plastic rods, and running them over with forklifts.","https://www.washingtonpost.com/local/you-cant-let-nobody-see-tyson-workers-caught-on-video-mistreating-chickens/2016/08/10/b96979bc-5f2d-11e6-8e45-477372e89d78_story.html","2016-08-11 00:00:00",NULL,"0","Animal Abuse"
"190","1085","16","Tyson workers were found beating chickens to death and impaled on pipes.","https://www.washingtonpost.com/local/you-need-to-kill-him-tyson-food-contractors-caught-on-video-mistreating-chickens/2017/12/06/35ec4f58-d9fa-11e7-94b5-82a81b0f862e_story.html","2017-12-06 00:00:00",NULL,"0","Animal Abuse"
"191","1085","6","A COVID-19 outbreak at a Tyson plant infected at least 148 people and killed two.","https://www.kcrg.com/content/news/Tyson-Foods-says-2-dead-from-COVID-19-outbreak-at-Columbus-Junction-plant-569680951.html","2020-04-15 00:00:00",NULL,"0",
"192","1085","6","Four workers died of COVID-19 at a Tyson plant.","https://www.nbcnews.com/news/us-news/4-georgia-poultry-workers-dead-coronavirus-company-says-n1186326","2020-04-17 00:00:00",NULL,"0",
"193","1085","6","Hundreds of Tyson workers continued working while infected with COVID-19 as Tyson failed to implement recommended safety measures to protect employees.","https://www.propublica.org/article/emails-reveal-chaos-as-meatpacking-companies-fought-health-agencies-over-covid-19-outbreaks-in-their-plants","2020-06-12 00:00:00",NULL,"0",
"194","1124","4","Gardein was found guilty of illegally dumping vegetable oil in river in Canada.","https://www.canada.ca/en/environment-climate-change/news/2018/02/british_columbiamanufacturerofplant-basedfoodsfinedforfisheriesa.html","2018-02-20 00:00:00",NULL,"0",
"195","1171","9","The Mrs. Butterworth's mascot has been criticized for being modeled after a racist stereotype.","https://abcnews.go.com/Business/wireStory/cream-wheat-mrs-butterworth-confront-race-packaging-71329161","2020-06-18 00:00:00",NULL,"1",
"196","1221","4","Honeywell was found to be the US company linked to the most Superfund toxic waste sites by the EPA.","https://web.archive.org/web/20080612112918/http://www.publicintegrity.org/superfund/report.aspx?aid=849","2007-04-26 00:00:00",NULL,"0",
"197","1221","19","Honeywell was protested due to the company's manufacture of cluster bombs during the Vietnam War.","https://www.huffpost.com/entry/the-necessity-defense-how_n_6333996","1971-12-31 00:00:00",NULL,"0",
"198","1252","4","Charmin has been criticized for using virgin trees from Canada's boreal forest, causing boreal degradation and destruction.","https://www.nrdc.org/resources/issue-tissue-how-americans-are-flushing-forests-down-toilet","2020-06-24 00:00:00",NULL,"0",
"199","1254","6","Tide's laundry detergent pods are a health risk to children and people with dementia due to their resemblance to delicious candy. Multiple people have died from eating them.","https://www.consumerreports.org/laundry-cleaning/liquid-laundry-detergent-pods-pose-lethal-risk/","2017-06-15 00:00:00",NULL,"0",
"200","1258","15","The Federal Trade Commission prevented Smucker's from buying Wesson cooking oil from Conagra Brands, as it would give Smucker roughly 70% of the market for vegetable oils.","https://www.wsj.com/articles/smucker-conagra-call-off-wesson-oil-deal-after-ftc-challenge-1520376297","2018-03-06 00:00:00",NULL,"0",
"201","1122","15","The Federal Trade Commission prevented Smucker's from buying Wesson cooking oil from Conagra Brands, as it would give Smucker roughly 70% of the market for vegetable oils.","https://www.wsj.com/articles/smucker-conagra-call-off-wesson-oil-deal-after-ftc-challenge-1520376297","2018-03-06 00:00:00",NULL,"0",
"202","1281","6","Kibbles 'n Bits is one of several pet food brands that was recalled due to the presence of a euthanasia drug used by veterinarians.","https://www.newsweek.com/dog-food-recall-fda-finds-deadly-pet-euthanasia-several-common-brands-811813","2018-02-19 00:00:00",NULL,"0",
"203","1280","6","Gravy Train is one of several pet food brands that was recalled due to the presence of a euthanasia drug used by veterinarians.","https://www.newsweek.com/dog-food-recall-fda-finds-deadly-pet-euthanasia-several-common-brands-811813","2018-02-19 00:00:00",NULL,"0",
"204","1294","15","Between 2006 and April 2008, Dunkin sued franchise owners 154 times. For comparison, much larger chains like McDonald's and Subway had only sued franchisees 5 and 12 times respectively in the same time period.","http://www.nydailynews.com/new-york/brooklyn/dunkin-donuts-business-practices-lots-holes-article-1.278131","2008-04-29 00:00:00",NULL,"0",
"205","1294","9","Dunkin' apologized for an advertising campaign depicting a woman in blackface to advertise chocolate donuts.","https://web.archive.org/web/20181002102315/https://www.nbclosangeles.com/news/national-international/Bizarre-Doughnut-Ad-Stirs-Racial-Controversy-221969671.html","2013-08-31 00:00:00",NULL,"0",
"206","1314","20","Kellogg's has been found to use unsustainable palm oil ","https://www.theguardian.com/environment/2020/jan/17/biggest-food-brands-failing-goals-to-banish-palm-oil-deforestation","2020-01-16 00:00:00",NULL,"1",
"207","1314","12","Kellogg's has been found to sell products with palm oil sourced from child labor and slave labor.","https://www.amnesty.org/en/documents/asa21/5184/2016/en/","2016-11-30 00:00:00",NULL,"1",
"221","1316","4","Pringles tubes have been criticized for being made with many different materials, making them significantly harder to recycle.","https://www.bbc.co.uk/news/science-environment-39953209","2017-05-19 00:00:00",NULL,"1",
"222","1322","5","Kashi was sued for lying that their foods contained ""nothing artificial.""","https://www.prnewswire.com/news-releases/purchasers-of-kashi-or-bear-naked-food-products--in-california--may-be-affected-by-class-actions-lawsuits-announces-feinstein-doyle-payne--kravec-llc-230825151.html","2013-11-06 00:00:00",NULL,"0",
"223","1328","6","Multiple Hain Celestial Group products were found to contain carcinogens and pesticides in excess of United States and California laws.","https://glaucusresearch.com/wp-content/uploads/downloads/2013/02/GlaucusResearch-The_Hain_Celestial_Group_Inc-NasdaqHAIN-Strong_Sell_Febuary_21_2013.pdf","2013-02-28 00:00:00",NULL,"0",
"224","1328","5","Hain settled for 7.5 million $USD in a lawsuit in regards to accusations that they falsely claimed their products were ""organic.""","https://www.lawyersandsettlements.com/settlements/18713/9-4m-settlement-reached-in-hain-organic-consumer.html","2015-09-24 00:00:00",NULL,"0",
"226","1405","13","Godiva has sent out cease and desist letters to other businesses using the imagery and name of Lady Godiva, who was an 11th century noblewoman and a famous historical figure with no relation to the chocolate company.","https://www.bbc.com/news/uk-england-coventry-warwickshire-29596513","2014-10-13 00:00:00",NULL,"0",
"228","1410","15","Argentina's tax agency raided a Dart office due to allegations of tax fraud. ","https://en.mercopress.com/2013/05/24/argentina-raids-factory-of-us-investor-head-of-a-hedge-fund-litigating-defaulted-sovereign-bonds","2013-05-24 00:00:00",NULL,"0",
"229","1410","15","The IRS claimed that Dart owed 19 million $USD in taxes.","https://web.archive.org/web/20130507131814/http://www.forbes.com/forbes/2003/0721/052_print.html","2003-07-21 00:00:00",NULL,"0",
"230","1410","15","Dart has been considered a ""vulture fund"" - a business that buys government debts at low prices during national crises, and then forces them to pay the money back - and made 436 million €EUR from the Greek government by doing this.","https://www.nytimes.com/2012/05/16/business/global/bet-on-greek-bonds-paid-off-for-vulture-fund.html","2012-05-15 00:00:00",NULL,"0",
"231","1412","4","Greenpeace found that Mondelez's palm oil suppliers cleared over 70,000 hectares of rainforest over a 2 year period.","https://www.independent.co.uk/environment/orangutans-palm-oil-habitat-rainforest-cadbury-mondelez-oreos-indonesia-greenpeace-a8630801.html","2018-11-13 00:00:00",NULL,"0",
"232","1412","15","The US Commodity and Futures Commission accused Mondelez of price fixing wheat.","https://www.bbc.com/news/business-32156558","2015-04-01 00:00:00",NULL,"0",
"233","1443","12","Hershey failed to remove child labor from their chocolate supply chain by 2020 as they had originally planned, and have not joined two other large chocolate makers in committing to work with European government regulations to curb child labor.","https://www.mcall.com/business/mc-biz-hershey-chocolate-firms-child-labor-cocoa-fields-new-rules-20200107-7nuv7l33x5dvnokn6pt5w53foe-story.html","2020-06-07 00:00:00",NULL,"1",
"234","1443","23","Hershey's uses child labor in their chocolate supply chain.","https://www.freedomunited.org/news/mars-nestle-and-hershey-wont-promise-chocolate-is-free-from-child-labor/","2019-06-05 00:00:00",NULL,"1",
"235","13","23","Nestlé uses child labor in their chocolate supply chain.","https://www.freedomunited.org/news/mars-nestle-and-hershey-wont-promise-chocolate-is-free-from-child-labor/","2019-06-05 00:00:00",NULL,"1",
"236","13","20","Nestlé is committed to using 100% responsibly sourced palm oil by 2020, but has not reached this goal yet.","https://www.nestle.com/csv/raw-materials/palm-oil","2018-11-11 00:00:00",NULL,"1",
"239","1496","4","The Wonderful Company has used LOTS of water in California, even as residents faced water shortages and droughts.","https://www.motherjones.com/environment/2016/08/lynda-stewart-resnick-california-water/","2016-08-09 00:00:00",NULL,"0",
"240","1496","6","Some Wonderful Company products are grown with fracking oil waste water, although the health effects of this are not fully understood.","https://www.motherjones.com/environment/2015/07/oil-wastewater-fruits-vegetables-farms/","2015-07-24 00:00:00",NULL,"0",
"241","1501","15","The US Federal Trade Commission found that POM used deceptive advertising, inaccurately claiming that it could prevent or reduce the risk of various ailments.","https://www.forbes.com/sites/chloesorvino/2015/11/04/americas-nuttiest-billionaire-couple-amid-drought-stewart-and-lynda-resnick-are-richer-than-ever/","2015-11-04 00:00:00",NULL,"0",
"244","1574","10","Charges have been filed against Yogi Tea's founder Harbhajan Singh Khalsa for multiple allegations of sexual harassment.","https://www.ssscresponseteam.org/faq","2020-02-18 00:00:00",NULL,"1",
"245","644","22","Benefit Cosmetics performs animal testing for the products they sell in the People's Republic of China.","https://crueltyfreeguide.com/makeup-brands-test-animals/","2020-07-22 00:00:00",NULL,"1",
"246","736","22","Bobbi Brown Cosmetics performs animal testing for the products they sell in the People's Republic of China.","https://crueltyfreecollections.com/is-bobbi-brown-cruelty-free/","2020-07-26 00:00:00",NULL,"1",
"247","718","22","Garnier performs animal testing for the products they sell in the People's Republic of China.","https://crueltyfreeguide.com/makeup-brands-test-animals/","2020-07-22 00:00:00",NULL,"1",
"248","738","22","Glamglow performs animal testing for the products they sell in the People's Republic of China.","https://crueltyfreeguide.com/makeup-brands-test-animals/","2020-07-22 00:00:00",NULL,"1",
"249","1226","22","Revlon performs animal testing for the products they sell in the People's Republic of China.","https://crueltyfreeguide.com/makeup-brands-test-animals/","2020-07-22 00:00:00",NULL,"1",
"251","1576","22","Mars was criticized and boycotted for performing animal experiments such as cutting open the legs of live rats, submerging baby mice in chilled containers for extended periods of time, and injecting cocoa ingredients into their jugular veins. It is undetermined if tests like these are still being performed now.","https://www.confectionerynews.com/Article/2007/12/12/Mars-angers-activists-over-animal-testing","2007-12-12 00:00:00",NULL,"1","Descriptions of Animal Experimentation"
"252","1576","23","Mars uses child labor in their chocolate supply chain.","https://www.freedomunited.org/news/mars-nestle-and-hershey-wont-promise-chocolate-is-free-from-child-labor/","2019-06-05 00:00:00",NULL,"0",
"253","1576","7","The Mars family has lobbied and donated to eliminate estate taxes.","https://www.citizen.org/wp-content/uploads/estatetaxfinal.pdf","2006-01-01 00:00:00",NULL,"0",
"254","1576","13","Jacqueline Mars, a member of the Mars family, fell asleep while driving, which led to a car crash killing one person and causing another to suffer a miscarriage.","https://www.washingtonian.com/2013/10/29/jacqueline-mars-charged-with-reckless-driving-in-fatal-crash/","2013-10-29 00:00:00",NULL,"0","Death"
"255","1624","9","The Uncle Ben's logo has been criticized for supporting racial stereotypes.","https://www.cnn.com/2020/06/17/business/uncle-bens-rice-racist/index.html","2020-06-17 00:00:00",NULL,"0",
"256","1627","4","The Koch brothers have funded several anti-solar power groups.","https://www.rollingstone.com/politics/politics-news/the-koch-brothers-dirty-war-on-solar-power-193325/","2016-02-11 00:00:00",NULL,"0",
"257","1652","12","Cargill was protested in response to their firing of several employees who were trying to start a union.","https://www.whsv.com/content/news/Community-to-march-in-support-of-fired-poultry-workers-at-Cargill-478715393.html","2018-04-04 00:00:00",NULL,"0",
"258","1652","4","Cargill's cocoa purchases contribute to illegal deforestation in Côte d'Ivoire.","https://www.rts.ch/info/suisse/10151991-du-cacao-illegal-dans-le-chocolat-suisse.html","2019-01-20 00:00:00",NULL,"0",
"259","1652","20","Cargill uses unsustainable palm oil.","https://www.regenwald.org/petitionen/867/fuer-cargills-palmoel-brennt-der-regenwald","2014-05-20 00:00:00",NULL,"1",
"260","1652","4","Cargill settled in a suit with the US Environmental Protection Agency due to their violations of the Clean Air Act at one of their plants.","https://web.archive.org/web/20170217062439/https://www.epa.gov/newsreleases/cargill-inc-agrees-settle-clean-air-act-violations-vitamin-e-manufacturing-facility","2015-09-09 00:00:00",NULL,"0",
"261","1653","5","Cargill settled a 6.1 million $USD lawsuit regarding the company's misleading claims about Truvia. ","https://www.hawaiinewsnow.com/story/27558493/truvia-maker-settles-hawaii-based-suit-for-61m/","2014-12-05 00:00:00",NULL,"0",
"262","1652","23","Cargill uses child labor.","https://www.latimes.com/business/story/2020-01-14/u-s-supreme-court-signals-interest-in-child-slavery-cocoa-lawsuit","2020-01-14 00:00:00",NULL,"1",
"263","1666","5","Hasbro tricked the owner of a Nerf fan blog into giving them his home address so that they could send a Cease and Desist to him for sharing unreleased Nerf product photos.","https://www.crikey.com.au/2012/04/24/nerf-guns-at-10-paces-hasbro-faces-boycott-after-siccing-lawyers-onto-fan-site/","2012-04-24 00:00:00",NULL,"0",
"264","1722","15","CJ Group's chairman was convicted of tax evasion and embezzlement in 2014, and was released from prison in 2016 due to a presidential pardon.","https://www.nytimes.com/2016/10/20/business/international/south-korea-lotte-chaebol-conglomerate-indicted.html","2016-10-19 00:00:00",NULL,"0",
"265","951","16","One of the DFA's dairy suppliers was found to abuse cows. For example, workers kicked cows in the face, punched their udders, and bent their tails. One employee was fired after footage of this abuse went public.","https://www.phillyvoice.com/undercover-video-pennsylvania-dairy-farm-leads-employees-firing/","2017-05-10 00:00:00",NULL,"0","Animal Abuse"
"266","1846","16","One of Land O'Lakes dairy suppliers was found to abuse cows. For example, workers kicked cows in the face, punched their udders, and bent their tails. One employee was fired after footage of this abuse went public.","https://www.phillyvoice.com/undercover-video-pennsylvania-dairy-farm-leads-employees-firing/","2017-05-10 00:00:00",NULL,"0","Animal Abuse"
"267","1848","15","French farmers protested Lactalis after being paid low prices for their milk compared to competitors.","https://www.france24.com/en/20160829-french-farmers-step-prices-top-dairy-company-lactalis","2016-08-29 00:00:00",NULL,"0",
"268","1848","6","Lactalis failed to report salmonella in their baby milk to authorities after their tests found it, leading to dozens of babies falling ill.","https://www.reuters.com/article/us-france-babymilk-idUSKCN1FX2IT","2018-02-13 00:00:00",NULL,"0",
"269","1862","15","Johnson & Johnson settled for 78 million $USD in response to charges that it bribed doctors and officials around the world and paying kickbacks to Iraq to win several contracts in a U.N. program.","https://www.reuters.com/article/us-jj-bribery-idUSTRE7374ZB20110408","2011-04-11 00:00:00",NULL,"0",
"270","1862","5","Johnson & Johnson settled for 33 million $USD in response to allegations that they promoted their drugs as compliant with certain federal procedures when they weren't.","https://www.drugwatch.com/news/2017/05/26/jj-33-million-settlement-states/","2017-05-26 00:00:00",NULL,"0",
"271","1862","15","Johnson & Johnson sued the American Red Cross due to their use of the red cross logo, despite the fact that the Geneva Conventions reserved the red cross symbol in 1864, years before J&J started using it on their own products.","https://www.wsj.com/articles/SB118662527980592590","2007-08-09 00:00:00",NULL,"0",
"272","1862","6","Johnson & Johnson was fined 344 million $USD due to their deceptive marketing of transvaginal pelvic mesh implants to tens of thousands of women. These implants caused infections, bleeding, and pain during sex.","https://www.nytimes.com/2020/01/30/business/transvaginal-mesh-johnson-and-johnson.html","2020-01-30 00:00:00",NULL,"0","Description of genital injuries"
"273","1862","6","Internal documents revealed that Johnson & Johnson knew their baby powder was sometimes tainted with asbestos - a carcinogen - and they tried to conceal this from the public for years.","https://www.nbcnews.com/health/health-news/johnson-johnson-knew-decades-asbestos-lurked-its-baby-powder-n948016","2018-12-14 00:00:00",NULL,"0",
"274","1862","6","Johnson & Johnson has been fined by several US states, including 572 million $USD in Oklahoma, for their role in contributing to the US opioid epidemic.","https://www.cnn.com/2019/08/26/health/oklahoma-opioid-trial-verdict-bn/index.html","2019-08-27 00:00:00",NULL,"0",
"275","1865","15","Actelion was fined 360 million $USD in response to allegations that they funnelled money to Medicare patients to cover the co-payments for their drugs.","https://www.bmj.com/content/363/bmj.k5231","2018-12-10 00:00:00",NULL,"0",
"276","1865","15","A class action lawsuit was filed against Actelion alleging that they barred generic drug manufacturers from releasing their own versions of one of their drugs. ","https://www.classaction.org/news/class-action-claims-actelion-inflated-prices-of-bosentan-by-blocking-generic-alternatives","2018-11-20 00:00:00",NULL,"0",
"277","1880","4","Aveeno products contained microplastics, which aren't removed in sewage treatment and end up in the ocean. Johnson & Johnson said they would remove microplastics from their products by 2017.","https://www.theguardian.com/environment/2016/apr/19/microplastics-which-beauty-brands-are-safe-to-use","2016-04-19 00:00:00",NULL,"0",
"278","1889","15","SC Johnson was fined in France for price-fixing.","https://archive.is/20170209165431/http://www.connexionfrance.com/court-appeal-price-fixing-fine-upheld-consumer-companies-gillette-loreal-procter-gamble-sc-johnson-18567-view-article.html","2016-10-28 00:00:00",NULL,"0",
"279","1941","4","Tillamook purchased milk from Lost Valley Farm even after they said they terminated their contract with them. Lost Valley was sued by the Oregon Department of Agriculture for violating their wastewater permit.","https://www.oregonlive.com/business/2018/03/tillamook_cheesemaker_still_bu.html","2018-03-22 00:00:00",NULL,"0",
"280","883","13","A woman suffered third degree burns on her legs and genitals from spilling hot coffee on herself while in a parked car, with her surgeon saying the burns were one of the worst cases he had ever seen. McDonald's served coffee up to 190°F (88°C), a fact that they admitted was hazardous and had led to over 700 customers complaining about coffee burns. She asked for McDonald's to cover her 20,000 $USD medical expenses, but after six months, they only offered $800. After trying to settle, she eventually took them to court. After they were taken to court, McDonald's settled and agreed to lower their coffee temperatures. Then McDonald's lawyers tried to convince Americans that there was an ""epidemic of frivolous lawsuits"" to vilify her. Even now, large corporations sponsor groups to criticize frivolous lawsuits.","https://www.youtube.com/watch?v=KNWh6Kw3ejQ","1994-08-18 00:00:00",NULL,"0",
"281","563","12","Facebook employees found evidence that the company was giving preferential treatment to right-wing pages. One employee was fired for reporting this.","https://www.buzzfeednews.com/article/craigsilverman/facebook-zuckerberg-what-if-trump-disputes-election-results","2020-08-06 00:00:00",NULL,"0",
"282","563","15","Facebook is under anti-trust investigation by the US Federal Trade Commission.","https://arstechnica.com/tech-policy/2019/07/facebook-faces-new-anti-competition-investigation-as-privacy-probe-is-settled/","2019-07-25 00:00:00",NULL,"1",
"283","563","14","Over 419 million Facebook user phone numbers were posted to an open online database due to old security vulnerabilities.","https://www.theguardian.com/technology/2019/sep/04/facebook-users-phone-numbers-privacy-lapse","2019-09-04 00:00:00",NULL,"0",
"284","563","14","Political consulting firm Cambridge Analytica harvested millions of Facebook user profiles for political advertising due to lax privacy settings in Facebook apps.","https://www.businessinsider.com/cambridge-analytica-whistleblower-christopher-wylie-facebook-data-2019-10","2019-10-05 00:00:00",NULL,"0",
"285","563","12","Facebook agreed in a settlement to pay 52 million $USD to workers who developed PTSD through their jobs moderating Facebook posts.","https://www.theverge.com/2020/5/12/21255870/facebook-content-moderator-settlement-scola-ptsd-mental-health","2020-05-12 00:00:00",NULL,"0",
"286","1990","13","A Dolce & Gabbana advertisement was banned from some publications for its suggested portrayal of gang rape.","https://www.huffingtonpost.co.uk/2015/03/18/dolce-and-gabbana0gang-rape-advert_n_6893044.html","2007-02-28 00:00:00",NULL,"0","Sexual Assault"
"287","1990","8","Elton John called for a boycott of D&G after its founders stated they opposed gay adoptions and referred to children born from IVF are ""children of chemicals"" and ""synthetic children."" They apologized for their comments a few months later.","https://www.vogue.com/article/dolce-and-gabbana-synthetic-babies-apology","2015-03-17 00:00:00","2015-08-14 00:00:00","0",
"288","1990","9","A pair of sandals was named ""slave sandals with pompoms"" before criticism led to them being renamed to ""decorative flat sandals.""","https://www.nytimes.com/2016/03/04/fashion/dolce-gabbana-slave-sandal.html","2016-03-04 00:00:00",NULL,"0",
"289","1990","9","Dolce & Gabbana received criticism and sparked boycotts in the People's Republic of China after an ad campaign that stereotyped Chinese people.","https://www.npr.org/sections/goatsandsoda/2018/12/01/671891818/dolce-gabbana-ad-with-chopsticks-provokes-public-outrage-in-china","2018-12-01 00:00:00",NULL,"0",
"290","1964","15","Luxottica has been accused of monopolistic pricing practices, charging nearly 1000% price markups on their frames.","https://www.latimes.com/business/lazarus/la-fi-lazarus-glasses-lenscrafters-luxottica-monopoly-20190305-story.html","2019-03-05 00:00:00",NULL,"0",
"291","1964","15","Luxottica has been accused of corporate consolidation due to its dominance in the eye-wear industry.","https://www.youtube.com/watch?v=00wQYmvfhn4","2017-09-24 00:00:00",NULL,"0",
"292","2007","15","Prada was investigated for tax fraud and paid 420 million euros to settle their affairs.","https://uk.reuters.com/article/uk-prada-tax/prada-owners-under-investigation-for-tax-avoidance-sources-idUKBREA090S220140110","2014-01-10 00:00:00",NULL,"0",
"293","2007","10","A former employee of Prada Japan sued due to allegations of sexual harassment and discrimination, which went all the way up to the UN Office of the High Commissioner for Human Rights, which called for Japan to introduce regulations to make workplace harassment illegal. ","https://www.vogue.co.uk/article/prada-rina-bovrisse-lawsuit-un-statement-released","2013-05-28 00:00:00",NULL,"0",
"294","2049","12","Lowe's tried hiring anti-union managers to prevent unionization efforts at their stores.","https://pressprogress.ca/lowes-says-its-hiring-someone-to-lead-a-team-of-anti-union-investigators-to-keep-stores-union-free/","2020-08-07 00:00:00",NULL,"0",
"295","2053","12","Home Depot settled for 100,000 $USD in a disability discrimination lawsuit, which alleged that they failed to provide reasonable accommodations for a cashier with cancer, and then fired her for her condition.","https://www.natlawreview.com/article/home-depot-to-pay-100000-to-settle-eeoc-disability-discrimination-suit","2012-09-10 00:00:00",NULL,"0",
"296","2056","0","The United States Federal Trade Commission sued Match Group for allegedly using fake love interests to trick hundreds of thousands of people into purchasing paid subscriptions to their dating sites.","https://www.ftc.gov/news-events/press-releases/2019/09/ftc-sues-owner-online-dating-service-matchcom-using-fake-love","2019-09-25 00:00:00",NULL,"0",
"297","2057","12","Match Group fired multiple Tinder employees after participating in a lawsuit alleging that a former Tinder CEO sexually assaulted another employee.","https://www.theverge.com/2018/12/18/18146668/tinder-lawsuit-match-rosette-pambakian-fired","2018-12-18 00:00:00",NULL,"0",
"298","2058","5","The United States Federal Trade Commission sued Match Group for allegedly using fake love interest advertisements to trick hundreds of thousands of users into paying for subscriptions to Match.com.","https://www.ftc.gov/news-events/press-releases/2019/09/ftc-sues-owner-online-dating-service-matchcom-using-fake-love","2019-09-25 00:00:00",NULL,"0",
"299","2059","5","Plenty of Fish was fined 48,000 $CAD for violating anti-spam legislation in Canada.","https://web.archive.org/web/20181113025818/https://www.prnewswire.com/news-releases/plentyoffish-media-inc-pays-48000-for-alleged-violation-of-canadas-anti-spam-law-497523001.html","2015-03-25 00:00:00",NULL,"0",
"300","2122","15","Gillette was fined by the French Competition Authority for price fixing.","https://archive.is/20170209165431/http://www.connexionfrance.com/court-appeal-price-fixing-fine-upheld-consumer-companies-gillette-loreal-procter-gamble-sc-johnson-18567-view-article.html","2016-10-28 00:00:00",NULL,"0",
"301","2172","9","Balenciaga was accused of discrimination, leading to a ""#BoycottBalenciagaDiscriminatesChinese"" hashtag spreading across Chinese social media, when a Balenciaga outlet removed Chinese customers from the store after one of them scolded shoppers who jumped in a queue. Balenciaga apologized twice and temporarily suspended the management staff during an investigation.","https://www.reuters.com/article/china-tourism-france-balenciaga/balenciaga-issues-2nd-apology-after-claims-of-discrimination-against-chinese-shoppers-idUSL3N1S50DV","2018-04-28 00:00:00",NULL,"0",
"302","2205","4","Keurig's K-Cups have been criticized for their impact on the environment, as they aren't biodegradable and produce lots of waste.","https://www.womenshealthmag.com/food/a19930526/dangers-of-k-cups/","2016-02-24 00:00:00",NULL,"1",
"303","2210","12","Workers went on strike after Keurig Dr Pepper proposed large cuts to employee benefits, including a $1.50USD/hr wage cut for all employees. The strike lasted for almost 4 months and, after pressure from several politicians and organizations, ended with a new agreement without wage cuts or pension eliminations. ","https://www.nytimes.com/2010/09/14/business/14mott.html","2010-09-13 00:00:00",NULL,"0",
"304","2362","12","Panera paid 5 million $USD to settle two class-action lawsuits against it due to labor issues such as not providing overtime pay and break periods to employees.","https://www.bizjournals.com/stlouis/news/2011/11/21/panera-to-pay-5-million-settlement.html","2011-11-21 00:00:00",NULL,"0",
"305","2362","12","A class-action lawsuit was filed against Panera as workers claimed they were not paid overtime wages.","https://www.bizjournals.com/washington/news/2017/12/04/former-dc-panera-employee-files-classaction.html","2017-12-04 00:00:00",NULL,"0",
"306","2261","19","Ancestors of JAB's current owners were literal Nazis who used slave labor and forced female workers to work naked under threat of sexual assault.","https://www.nytimes.com/2019/03/25/world/europe/nazi-laborers-jab-holding.html","1940-01-01 00:00:00",NULL,"0","Sexual Assault"
"307","2271","12","In 2010, workers protested plans to shut down a Hugo Boss plant in Brooklyn. After their protests succeeded, Hugo Boss tried to shut down the plant again in 2015, once again resulting in protests.","https://www.cleveland.com/business/2014/12/hugo_boss_says_it_will_close_c.html","2014-12-03 00:00:00",NULL,"0",
"308","2271","13","Hugo Boss was fined 1.2 million £GBP after a 120kg mirror in one of their outlet stores fell on a four year old boy, causing irreversible brain damage that eventually killed him. The Oxford Crown Court found that the mirror had been ""negligently left free-standing.""","https://www.bbc.com/news/uk-england-oxfordshire-34153922","2015-09-04 00:00:00",NULL,"0","Child Death"
"309","2271","15","After a brewery filed for a trademark of its ""Boss Brewing"" name, Hugo Boss sent a cease and desist, leading to 10,000 £GBP in legal fees for the small brewery.","https://www.itv.com/news/wales/2019-08-12/welsh-brewery-spends-nearly-10-000-in-battle-with-clothing-giant-over-name","2019-08-12 00:00:00",NULL,"0",
"310","2288","9","Lacoste ran a photography competition which included Palestinian artist Larissa Sansour's work as one of the 8 nominees. A month before the winner was decided, Sansour was informed that her work was not appropriate for the competition, as it was ""too pro-Palestinian.""","https://www.independent.co.uk/arts-entertainment/art/news/lacoste-accused-of-attempting-to-censor-too-pro-palestinian-art-6280082.html","2011-12-21 00:00:00",NULL,"0",
"311","2365","12","Pret employees are required to perform ""Pret Behaviours"" such as ""creating a sense of fun"" and ""being happy to be themselves,"" and one worker was fired after trying to start a union because being ""unhappy enough to want to start a union"" was at odds with the company's forced happiness policy.","https://newrepublic.com/article/112204/pret-manger-when-corporations-enforce-happiness","2013-01-31 00:00:00",NULL,"0",
"312","2365","12","Pret a Manger fired an employee for organizing a union demanding a living wage.","https://boingboing.net/2012/12/08/pret-fires-longstanding-employ.html","2012-12-08 00:00:00",NULL,"0",
"313","2365","6","Multiple people have died from allergy-related deaths due to Pret's failure to properly label allergens in their foods.","https://www.theguardian.com/uk-news/2018/oct/08/pret-a-manger-second-person-to-die-after-allergic-reaction-named-as-celia-marsh","2018-10-08 00:00:00",NULL,"0",
"314","2367","4","Greenpeace UK launched a campaign tying Essity is involved in the destruction of the Great Northern Forest spanning from Canada to Russia.","https://medium.com/@GreenpeaceUK/in-pictures-the-great-northern-forest-beauty-and-destruction-ed1b82b4bc0f","2017-09-29 00:00:00",NULL,"0",
"315","2478","4","Colgate-Palmolive was listed as one of the top ten global plastic polluters in the world by BreakFreeFromPlastic.","https://www.fastcompany.com/90425011/coca-cola-nestle-and-pepsico-are-the-worlds-biggest-plastic-polluters-again","2019-11-01 00:00:00",NULL,"0",
"316","2478","4","Colgate-Palmolive was one of hundreds of companies held responsible for hazardous waste that contributed to the contamination of almost 15,000 cubic meters of soil.","https://www.justice.gov/opa/pr/settlement-clears-way-continued-funding-new-jersey-superfund-cleanup","2009-01-06 00:00:00",NULL,"0",
"317","2484","6","A class action lawsuit was filed against Hill's after some of their food contained potentially toxic levels of vitamin D, which led to some dogs dying prematurely.","https://www.washingtonpost.com/science/2019/02/05/dog-food-company-recalled-its-products-these-grieving-pet-owners-say-its-too-late/","2019-02-04 00:00:00",NULL,"0","Animal Death"
"318","486","12","After a California Proposition passed that defined app-based drivers as independent contractors and not employees, stores owned by Albertson's in California fired their delivery drivers, outsourcing their deliveries to contractors.","https://knock-la.com/vons-fires-delivery-drivers-prop-22-e899ee24ffd0","2021-01-04 00:00:00",NULL,"0",